{
  "bootstrap": {
    "samples": 10000,
    "seed": 20260711
  },
  "comparisons": {
    "think-transformer-k2": {
      "comparison_role": "primary",
      "confidence_pass": false,
      "nonforced_decision_micro_safety": {
        "candidate_ce": 1.43421897024243,
        "candidate_minus_reference": -0.00018162609386451756,
        "difference_ci95": [
          -0.0003864098892724988,
          -4.98793218089434e-06
        ],
        "reference_ce": 1.4344005963362945,
        "relative_improvement": 0.0001266215967341493,
        "relative_improvement_ci95": [
          3.4575017493784537e-06,
          0.00026993658458601097
        ],
        "relative_regression": -0.0001266215967341493,
        "relative_regression_ci95": [
          -0.0002699365845860111,
          -3.457501749378455e-06
        ]
      },
      "passed": false,
      "point_threshold_pass": false,
      "primary_nonforced_game_macro": {
        "candidate_ce": 1.4350155920767234,
        "candidate_minus_reference": -0.00017887137066407988,
        "difference_ci95": [
          -0.0003734565322425387,
          6.121679491599671e-06
        ],
        "reference_ce": 1.4351944634473874,
        "relative_improvement": 0.0001246321493147518,
        "relative_improvement_ci95": [
          -4.274498412987979e-06,
          0.0002602002906550051
        ],
        "relative_regression": -0.0001246321493147518,
        "relative_regression_ci95": [
          -0.00026020029065500515,
          4.274498412987969e-06
        ]
      },
      "reference_arm": "think-transformer-k1",
      "safety_pass": true
    },
    "think-transformer-k4": {
      "comparison_role": "primary",
      "confidence_pass": false,
      "nonforced_decision_micro_safety": {
        "candidate_ce": 1.4343131312242303,
        "candidate_minus_reference": -8.746511206414453e-05,
        "difference_ci95": [
          -0.00045393069488481875,
          0.00036880435901672203
        ],
        "reference_ce": 1.4344005963362945,
        "relative_improvement": 6.097676777850306e-05,
        "relative_improvement_ci95": [
          -0.00025705309815910447,
          0.00031711010885466997
        ],
        "relative_regression": -6.097676777850306e-05,
        "relative_regression_ci95": [
          -0.0003171101088546701,
          0.00025705309815910425
        ]
      },
      "passed": false,
      "point_threshold_pass": false,
      "primary_nonforced_game_macro": {
        "candidate_ce": 1.4350923740677168,
        "candidate_minus_reference": -0.00010208937967060017,
        "difference_ci95": [
          -0.00048714184081634083,
          0.0003805981916228829
        ],
        "reference_ce": 1.4351944634473874,
        "relative_improvement": 7.113278532678972e-05,
        "relative_improvement_ci95": [
          -0.00026447599884107514,
          0.000340470557416288
        ],
        "relative_regression": -7.113278532678972e-05,
        "relative_regression_ci95": [
          -0.000340470557416288,
          0.00026447599884107503
        ]
      },
      "reference_arm": "think-transformer-k1",
      "safety_pass": true
    }
  },
  "descriptive_compute_control": {
    "arm": "transformer-k0",
    "capacity_matched": false,
    "nonforced_game_macro_ce": 1.4355709518479118,
    "promotion_eligible": false,
    "warning": "K0 is a smaller-capacity descriptive control and is excluded from promotion."
  },
  "experiment_config_sha256": "766f383ad8ca22a7c93b287d46fee1d23005c68a9891e94a9dc519ce083167a6",
  "learning_gate_config_sha256": "27fc84a4fd90d7c11a50c44d32566720ea269756a86176110a0a24c30afc5cd4",
  "primary_metric": "game_macro_soft_target_policy_ce_nonforced",
  "promotion_eligible_passed_arms": [],
  "registered_thresholds": {
    "maximum_nonforced_decision_micro_ce_regression": 0.005,
    "minimum_relative_improvement_vs_k1": 0.02
  },
  "schema_version": "catan-zero-transformer-think-learning-gate/v1",
  "status": "fail",
  "support": {
    "arms": 4,
    "decisions_per_run": 146517,
    "holdout_games": 596,
    "nonforced_decisions_per_run": 76038,
    "runs": 12,
    "training_seeds": 3
  }
}
